key,español,wayuunaiki_provisional,estado,correccion_local,zona_o_comunidad,observaciones
subtitle,Cuaderno comunitario de observación costera,Karalouta wayuu süpüla e'rajawaa palaa,PENDIENTE DE REVISIÓN LOCAL,,,
languageAria,Idioma,Anüiki,PENDIENTE DE REVISIÓN LOCAL,,,
baseMapSelectorAria,Selector de mapa base,Aneekaa mapa süpüla apülee,PENDIENTE DE REVISIÓN LOCAL,,,
mapObservationsAria,Mapa de observaciones,Mapa sümaa e'rajawaa,PENDIENTE DE REVISIÓN LOCAL,,,
zoomControlsAria,Controles de zoom,Akaajaa mapaka,PENDIENTE DE REVISIÓN LOCAL,,,
zoomIn,Acercar,Miyo'uttaa mapaka,PENDIENTE DE REVISIÓN LOCAL,,,
zoomOut,Alejar,Motsottaa mapaka,PENDIENTE DE REVISIÓN LOCAL,,,
legendAria,Leyenda,Ayaawase mapaka,PENDIENTE DE REVISIÓN LOCAL,,,
mainNavigationAria,Navegación principal,Wopu palajatü,PENDIENTE DE REVISIÓN LOCAL,,,
install,Instalar,Aikkale'eraa,PENDIENTE DE REVISIÓN LOCAL,,,
mapTitle,Mapa,Mapa,PENDIENTE DE REVISIÓN LOCAL,,,
mapIntro,Tus observaciones aparecen aquí cuando tienen posición registrada.,E'rajüin yaa na anaajünakana sümaa apülee GPS.,PENDIENTE DE REVISIÓN LOCAL,,,
myPosition,Mi posición,Tapülee,PENDIENTE DE REVISIÓN LOCAL,,,
layers,Capas,Mapairua,PENDIENTE DE REVISIÓN LOCAL,,,
streetMap,Mapa,Mapa,PENDIENTE DE REVISIÓN LOCAL,,,
satellite,Satélite,Satélite,PENDIENTE DE REVISIÓN LOCAL,,,
noBaseMap,Sin mapa,Nnojotsü mapa,PENDIENTE DE REVISIÓN LOCAL,,,
mapBasesTitle,Mapas de referencia,Mapa süpüla ayaawataa apülee,PENDIENTE DE REVISIÓN LOCAL,,,
mapBasesHelp,"Puedes elegir Mapa, Satélite o Sin mapa. El mapa satelital ayuda a reconocer la costa, pero la imagen puede corresponder a otra fecha y no debe usarse por sí sola para medir cuánto retrocedió la línea de costa.","Pünee mapa, satélite je nnojotsü mapa. Satélite akaalijüsü e'rajawaa palaa, aka nnojotsü süpüla ayaawataa müsü palaa süchiki wane ayaakua ne'e.",PENDIENTE DE REVISIÓN LOCAL,,,
offlineMapNote,Sin mapa base. Los puntos se muestran usando sus coordenadas guardadas.,Nnojotsü mapa süpüla mma. E'iyatünüsü na apülee süka coordenada anaajünaka.,PENDIENTE DE REVISIÓN LOCAL,,,
noMapPoints,Aún no hay puntos para mostrar,Nnojotsü apülee süpüla e'iyataa joolu'u,PENDIENTE DE REVISIÓN LOCAL,,,
mapStartsWithPosition,El mapa se centrará cuando registres una posición o actives Mi posición,Mapaka ee'iyatünü süpülee aa'inru'u süchiki anaajaa wane apülee je Tapülee.,PENDIENTE DE REVISIÓN LOCAL,,,
singleObservation,Observación,E'rajawaa,PENDIENTE DE REVISIÓN LOCAL,,,
permanentPoint,Punto permanente,Apülee ichee,PENDIENTE DE REVISIÓN LOCAL,,,
newObservation,Nueva observación,E'rajawaa jeketü,PENDIENTE DE REVISIÓN LOCAL,,,
registerIntro,Registra lo que ves. No necesitas explicar la causa.,Pünaaja tü pi'rakat. Nnojotsü süpüla pümaa süchiki.,PENDIENTE DE REVISIÓN LOCAL,,,
code,Código,Ayaawase,PENDIENTE DE REVISIÓN LOCAL,,,
location,Ubicación,Apülee,PENDIENTE DE REVISIÓN LOCAL,,,
accuracy,Precisión,Pansawaa GPS,PENDIENTE DE REVISIÓN LOCAL,,,
altitude,Altitud,Yaletaa mma,PENDIENTE DE REVISIÓN LOCAL,,,
direction,Dirección,Wopu / dirección,PENDIENTE DE REVISIÓN LOCAL,,,
notActivated,No activada,Nnojotsü aainjünain,PENDIENTE DE REVISIÓN LOCAL,,,
notAvailable,No disponible,Nnojotsü eewain,PENDIENTE DE REVISIÓN LOCAL,,,
activateObservation,ACTIVAR MODO DE OBSERVACIÓN,A'AINJAA E'RAJAWAA,PENDIENTE DE REVISIÓN LOCAL,,,
sensorHelper,"Se solicitarán solamente los permisos necesarios. Si un sensor no está disponible, el registro puede continuar.","Asaküinjatü ne'e permiso kapülain. Müleka nnojotsü wane sensor, anaasü anaajawaa tü e'rajawaa.",PENDIENTE DE REVISIÓN LOCAL,,,
whatObserve,¿Qué estás observando?,¿Kasa e'rajüin pia?,PENDIENTE DE REVISIÓN LOCAL,,,
multipleObserveHelp,Puedes marcar una o varias opciones. Sin cambio aparente no puede combinarse con un cambio observado.,Pünee wane je waneirua. Nnojotsü ee'irataa nnojotsü sümaa ee'irataa e'rajünaka.,PENDIENTE DE REVISIÓN LOCAL,,,
beachLoss,Pérdida aparente de playa,Mojusu palaa julu'u mma / playa,PENDIENTE DE REVISIÓN LOCAL,,,
sandGain,Acumulación aparente de arena,Miyo'usu wanee / arena,PENDIENTE DE REVISIÓN LOCAL,,,
waterReach,El mar llegó más lejos,Palaa antüsü watta'amüin,PENDIENTE DE REVISIÓN LOCAL,,,
flood,Inundación,Wüin ekerolüsü mma,PENDIENTE DE REVISIÓN LOCAL,,,
homeAffected,Vivienda afectada,Miichi uwomuyusü,PENDIENTE DE REVISIÓN LOCAL,,,
roadAffected,Camino afectado,Wopu uwomuyusü,PENDIENTE DE REVISIÓN LOCAL,,,
vegetationAffected,Vegetación afectada,Wuna'apü uwomuyusü,PENDIENTE DE REVISIÓN LOCAL,,,
noChange,Sin cambio aparente,Nnojotsü ee'irataa ja'yaa,PENDIENTE DE REVISIÓN LOCAL,,,
other,Otro,Wane kasa,PENDIENTE DE REVISIÓN LOCAL,,,
communityNote,Nota de la comunidad,Ashajaa wayuu,PENDIENTE DE REVISIÓN LOCAL,,,
notePlaceholder,Escribe con tus propias palabras,Püshaja süka pünüiki,PENDIENTE DE REVISIÓN LOCAL,,,
measurement,Medición opcional,Ayaawataa süpüla aneekaa,PENDIENTE DE REVISIÓN LOCAL,,,
distance,Distancia,Wattaa / distancia,PENDIENTE DE REVISIÓN LOCAL,,,
unit,Unidad,Unidad,PENDIENTE DE REVISIÓN LOCAL,,,
method,Método,Akuaippa ayaawataa,PENDIENTE DE REVISIÓN LOCAL,,,
select,Seleccionar,Aneekaa,PENDIENTE DE REVISIÓN LOCAL,,,
tape,Cinta métrica,Sinta ayaawataa,PENDIENTE DE REVISIÓN LOCAL,,,
steps,Pasos,Ashajaa süka asipala / pasos,PENDIENTE DE REVISIÓN LOCAL,,,
estimate,Estimación,Ayaawataa süka aa'in,PENDIENTE DE REVISIÓN LOCAL,,,
measureTarget,Línea medida,Wopu ayaawatünaka,PENDIENTE DE REVISIÓN LOCAL,,,
erosionEdge,Borde de erosión,Palaapülee mojusü / borde erosión,PENDIENTE DE REVISIÓN LOCAL,,,
vegetationLine,Línea de vegetación estable,Wuna'apü ichee,PENDIENTE DE REVISIÓN LOCAL,,,
waterline,Borde del agua,Palaapülee wüin,PENDIENTE DE REVISIÓN LOCAL,,,
highWaterMark,Marca visible de agua alta,Ayaawase wüin yaletü,PENDIENTE DE REVISIÓN LOCAL,,,
reference,Referencia fija,Ayaawase ichee,PENDIENTE DE REVISIÓN LOCAL,,,
referencePlaceholder,"Estaca A, poste, vivienda, marca","Estaca A, poste, miichi, ayaawase",PENDIENTE DE REVISIÓN LOCAL,,,
seaState,Estado observado del mar,Akuaippa palaa e'rajünaka,PENDIENTE DE REVISIÓN LOCAL,,,
waterLevel,Nivel observado,Yaletaa wüin e'rajünaka,PENDIENTE DE REVISIÓN LOCAL,,,
waveState,Oleaje,A'wanajawaa palaa / oleaje,PENDIENTE DE REVISIÓN LOCAL,,,
dontKnow,No sé,Nnojotsü tatüjain,PENDIENTE DE REVISIÓN LOCAL,,,
low,Bajo,Mmotso,PENDIENTE DE REVISIÓN LOCAL,,,
normal,Normal,Anaa,PENDIENTE DE REVISIÓN LOCAL,,,
high,Alto,Yaletaa,PENDIENTE DE REVISIÓN LOCAL,,,
veryHigh,Muy alto,Miyo'u yaletaa,PENDIENTE DE REVISIÓN LOCAL,,,
medium,Medio,Süchikijee,PENDIENTE DE REVISIÓN LOCAL,,,
strong,Fuerte,Katsüin,PENDIENTE DE REVISIÓN LOCAL,,,
followup,Seguimiento del punto,Ayataa apülee,PENDIENTE DE REVISIÓN LOCAL,,,
pointType,Tipo de registro,Akuaippa anaajaa,PENDIENTE DE REVISIÓN LOCAL,,,
independent,Observación independiente,E'rajawaa wane'ewaika,PENDIENTE DE REVISIÓN LOCAL,,,
newPermanent,Crear nuevo punto permanente,Aainjaa apülee ichee jeketü,PENDIENTE DE REVISIÓN LOCAL,,,
permanentHelp,Los puntos permanentes permiten regresar al mismo lugar y construir una historia de observaciones.,Apülee ichee akaalijüsü eitawaa yaa waneepia otta akotchajaa achiki e'rajawaa.,PENDIENTE DE REVISIÓN LOCAL,,,
evidence,Evidencias,Ayaawaseirua,PENDIENTE DE REVISIÓN LOCAL,,,
photos,Fotos,Ayaakua,PENDIENTE DE REVISIÓN LOCAL,,,
videos,Vídeos,Videoirua,PENDIENTE DE REVISIÓN LOCAL,,,
recordAudio,Grabar audio,Anaajaa audio,PENDIENTE DE REVISIÓN LOCAL,,,
audioReady,Listo para grabar,Anaasü süpüla audio,PENDIENTE DE REVISIÓN LOCAL,,,
stop,Detener,Ekeraajaa,PENDIENTE DE REVISIÓN LOCAL,,,
removeAudio,Eliminar audio,Aakataa audio,PENDIENTE DE REVISIÓN LOCAL,,,
photoOverlayHelp,"Las fotografías guardadas generan una copia documentada con fecha, código, posición, precisión, altitud y dirección cuando esos datos están disponibles.","Ayaakua anaajünaka ee'iyatüsü wane copia sümaa akalia, ayaawase, apülee, pansawaa GPS, yaletaa mma otta dirección müleka eesü.",PENDIENTE DE REVISIÓN LOCAL,,,
saveObservation,GUARDAR OBSERVACIÓN,ANAAJAA E'RAJAWAA,PENDIENTE DE REVISIÓN LOCAL,,,
notebook,Cuaderno,Karalouta,PENDIENTE DE REVISIÓN LOCAL,,,
notebookIntro,Consulta las observaciones guardadas en este dispositivo.,Pü'raaja na e'rajawaa anaajünakana sulu'u celular tüü.,PENDIENTE DE REVISIÓN LOCAL,,,
records,registros,anaajünaka,PENDIENTE DE REVISIÓN LOCAL,,,
search,Buscar,Achajawaa,PENDIENTE DE REVISIÓN LOCAL,,,
searchPlaceholder,Código o nota,Ayaawase je ashajaa,PENDIENTE DE REVISIÓN LOCAL,,,
filterCategory,Tipo,Akuaippa,PENDIENTE DE REVISIÓN LOCAL,,,
all,Todos,Apüshua'a,PENDIENTE DE REVISIÓN LOCAL,,,
withMedia,Con multimedia,Sümaa multimedia,PENDIENTE DE REVISIÓN LOCAL,,,
onlyPermanent,Puntos permanentes,Apülee icheeirua,PENDIENTE DE REVISIÓN LOCAL,,,
export,Exportar,Ee'iyataa / exportar,PENDIENTE DE REVISIÓN LOCAL,,,
exportIntro,Prepara una copia de los registros para conservarlos o compartirlos.,Paainja wane copia na anaajünakana süpüla anaajaa je ajütaa.,PENDIENTE DE REVISIÓN LOCAL,,,
fullData,Datos completos,Kasachiki apüshua'a,PENDIENTE DE REVISIÓN LOCAL,,,
tableData,Tabla de registros,Tabla anaajünaka,PENDIENTE DE REVISIÓN LOCAL,,,
mapData,Puntos para SIG,Apülee süpüla SIG,PENDIENTE DE REVISIÓN LOCAL,,,
evidencePackage,Datos y evidencias,Kasachiki otta ayaawaseirua,PENDIENTE DE REVISIÓN LOCAL,,,
sharePackage,Compartir paquete,Ajütaa paquete,PENDIENTE DE REVISIÓN LOCAL,,,
shareHelp,"En dispositivos compatibles se abrirá el menú para compartir. Si no está disponible, se descargará el paquete para que puedas adjuntarlo al correo.","Müleka ainkaa celular, ee'iyatünü menu süpüla ajütaa. Müleka nnojotsü, paquete ee'iyalajünü süpüla correo.",PENDIENTE DE REVISIÓN LOCAL,,,
privacyPrinciple,Los registros permanecen bajo control de la comunidad y solo salen del dispositivo cuando decides exportarlos o compartirlos.,Na anaajünakana eejatü nain wayuukana. Ajütünü ne'e müleka wayuu aneeküin exportar je ajütaa.,PENDIENTE DE REVISIÓN LOCAL,,,
communityExchangeTitle,Compartir entre personas y comunidades,Ajütaa kasachiki akotchirawaa wayuu,PENDIENTE DE REVISIÓN LOCAL,,,
communityExchangeIntro,"Elige qué registros y qué contenidos quieres compartir. COSTA VIVA prepara el paquete y el celular te permite escoger WhatsApp, correo, Quick Share, Bluetooth u otra aplicación disponible.","Pünee kasa anaajünaka otta kasa ajütünü. COSTA VIVA aainjüsü paquete, celular aneeküshi WhatsApp, correo, Quick Share, Bluetooth je wane aplicación.",PENDIENTE DE REVISIÓN LOCAL,,,
shareRecords,Compartir registros,Ajütaa anaajünaka,PENDIENTE DE REVISIÓN LOCAL,,,
importPackage,Importar paquete COSTA VIVA,Ekerolaa paquete COSTA VIVA,PENDIENTE DE REVISIÓN LOCAL,,,
shareHelpCommunity,COSTA VIVA no envía los registros a un servidor propio. El medio de envío depende de las aplicaciones instaladas en el dispositivo.,COSTA VIVA nnojotsü ajütüin kasachiki amüin servidor. Celularka otta aplicación aneeküshi wopu ajütaa.,PENDIENTE DE REVISIÓN LOCAL,,,
onlyReceived,Registros recibidos,Anaajünaka antünaka,PENDIENTE DE REVISIÓN LOCAL,,,
received,Recibido,Antüsü,PENDIENTE DE REVISIÓN LOCAL,,,
receivedFromNotebook,Recibido · cuaderno {value},Antüsü · karalouta {value},PENDIENTE DE REVISIÓN LOCAL,,,
shareModalTitle,Compartir registros,Ajütaa anaajünaka,PENDIENTE DE REVISIÓN LOCAL,,,
shareModalIntro,"Tú decides qué sale de este dispositivo, con quién y con qué contenido.","Pia aneeküin kasa ojuitaka celular tüü, kachon otta kasa sümaa.",PENDIENTE DE REVISIÓN LOCAL,,,
chooseRecordsTitle,Elige los registros,Pünee na anaajünakana,PENDIENTE DE REVISIÓN LOCAL,,,
selectAll,Seleccionar todos,Aneekaa apüshua'a,PENDIENTE DE REVISIÓN LOCAL,,,
selectNone,Ninguno,Nnojotsü wane,PENDIENTE DE REVISIÓN LOCAL,,,
chooseContentTitle,Elige qué compartir,Pünee kasa ajütünü,PENDIENTE DE REVISIÓN LOCAL,,,
basicRecordData,Datos básicos del registro,Kasachiki palajatü anaajünaka,PENDIENTE DE REVISIÓN LOCAL,,,
shareMeasurements,Mediciones,Ayaawataairua,PENDIENTE DE REVISIÓN LOCAL,,,
shareNotes,Notas,Ashajaa,PENDIENTE DE REVISIÓN LOCAL,,,
shareCoordinates,Coordenadas y sensores,Coordenada otta sensorirua,PENDIENTE DE REVISIÓN LOCAL,,,
sharePhotos,Fotografías,Ayaakuairua,PENDIENTE DE REVISIÓN LOCAL,,,
shareVideos,Vídeos,Videoirua,PENDIENTE DE REVISIÓN LOCAL,,,
shareAudios,Audios,Audioirua,PENDIENTE DE REVISIÓN LOCAL,,,
selectAllContent,Incluir todo,Ekerolaa apüshua'a,PENDIENTE DE REVISIÓN LOCAL,,,
clearOptionalContent,Quitar opcionales,Aakataa kasa süpüla aneekaa,PENDIENTE DE REVISIÓN LOCAL,,,
shareSensitiveWarning,Las coordenadas pueden revelar lugares sensibles. Compártelas solo cuando sea necesario y exista una decisión consciente.,Coordenada ee'iyatasü apülee kapülain. Püjüta ne'e müleka kapülain otta eesü aa'in aneekünaka.,PENDIENTE DE REVISIÓN LOCAL,,,
recipientTitle,¿Con quién vas a compartir?,¿Kasa wayuu amüin püjütüin?,PENDIENTE DE REVISIÓN LOCAL,,,
recipientMyCommunity,Mi comunidad,Tapüshii / takotchirawaa,PENDIENTE DE REVISIÓN LOCAL,,,
recipientOtherCommunity,Otra comunidad,Wane akotchirawaa,PENDIENTE DE REVISIÓN LOCAL,,,
recipientResearch,Investigador o universidad,Atüjülii / koleejia miyo'u,PENDIENTE DE REVISIÓN LOCAL,,,
recipientPublic,Institución pública,Akotchirawaa aluwatawaa,PENDIENTE DE REVISIÓN LOCAL,,,
recipientOrganization,Organización social,Organización wayuu,PENDIENTE DE REVISIÓN LOCAL,,,
recipientOther,Otra persona,Wane wayuu,PENDIENTE DE REVISIÓN LOCAL,,,
purposeOptional,Finalidad opcional,"Kasa süpüla, müleka pünee",PENDIENTE DE REVISIÓN LOCAL,,,
purposePlaceholder,Ejemplo seguimiento comunitario o investigación acordada,Ayaawajaa akotchirawaa je atüjalaa anain,PENDIENTE DE REVISIÓN LOCAL,,,
shareControlReminder,COSTA VIVA prepara el archivo. No lo sube a un servidor propio y no recibe una copia.,COSTA VIVA aainjüsü archivo. Nnojotsü ojuittüin amüin servidor otta nnojotsü anaajüin copia.,PENDIENTE DE REVISIÓN LOCAL,,,
prepareAndShare,PREPARAR Y COMPARTIR,A'AINJAA OTTA AJÜTAA,PENDIENTE DE REVISIÓN LOCAL,,,
noShareRecordsSelected,Selecciona al menos un registro.,Pünee wane anaajünaka.,PENDIENTE DE REVISIÓN LOCAL,,,
preparingShare,Preparando paquete,Aainjünü paquete,PENDIENTE DE REVISIÓN LOCAL,,,
sharedPackageReady,Paquete preparado para compartir.,Anaasü paquete süpüla ajütaa.,PENDIENTE DE REVISIÓN LOCAL,,,
importTitle,Importar registros recibidos,Ekerolaa anaajünaka antünaka,PENDIENTE DE REVISIÓN LOCAL,,,
importSeparationHelp,Los registros recibidos se identifican como tales y conservan información de procedencia. No se presentan como observaciones creadas por este teléfono.,Anaajünaka antünaka ayaawatünü müsia. Anaajüsü achiki jalajeerü. Nnojotsü e'iyatünü müsia e'rajawaa aainjünaka süka celular tüü.,PENDIENTE DE REVISIÓN LOCAL,,,
confirmImport,IMPORTAR,EKEROLAA,PENDIENTE DE REVISIÓN LOCAL,,,
cancel,Cancelar,Aakataa,PENDIENTE DE REVISIÓN LOCAL,,,
importInvalid,Este archivo no es un paquete COSTA VIVA compatible.,Archivo tüü nnojotsü paquete COSTA VIVA anain.,PENDIENTE DE REVISIÓN LOCAL,,,
importReading,Leyendo paquete,Aashaje'eraa paquete,PENDIENTE DE REVISIÓN LOCAL,,,
importSummaryText,{count} registros · creado {date},{count} anaajünaka · aainjüsü {date},PENDIENTE DE REVISIÓN LOCAL,,,
importRecipientText,Finalidad declarada al compartir: {value},Kasa süpüla ajütaa: {value},PENDIENTE DE REVISIÓN LOCAL,,,
importNoPurpose,Sin finalidad declarada,Nnojotsü kasa süpüla ashajünain,PENDIENTE DE REVISIÓN LOCAL,,,
importComplete,Importación terminada. {added} añadidos y {skipped} ya existentes.,Ekeraasü ekerolaa. {added} jeketü otta {skipped} eejatüirua.,PENDIENTE DE REVISIÓN LOCAL,,,
importFailed,No se pudo importar el paquete.,Nnojotsü ainkain ekerolaa paquete.,PENDIENTE DE REVISIÓN LOCAL,,,
sourceNotebook,Cuaderno de origen,Karalouta jalajeerü,PENDIENTE DE REVISIÓN LOCAL,,,
sharingHelpTitle,Compartir sin perder el control,Ajütaa nnojotsü amülouliin control,PENDIENTE DE REVISIÓN LOCAL,,,
sharingHelpIntro,COSTA VIVA permite preparar un intercambio entre comunidades y personas sin enviar los registros a un servidor propio.,COSTA VIVA akaalijüsü ajütaa akotchirawaa wayuu nnojotsü ojuittüin anaajünaka amüin servidor.,PENDIENTE DE REVISIÓN LOCAL,,,
shareWithWhomTitle,Con quién puedes compartir,Kachon püjütüin,PENDIENTE DE REVISIÓN LOCAL,,,
shareWithWhomText,"Puedes compartir con tu comunidad, otra comunidad, un investigador, una institución u otra persona.","Püjüta amüin püshii, wane akotchirawaa, atüjülii, akotchirawaa aluwatawaa je wane wayuu.",PENDIENTE DE REVISIÓN LOCAL,,,
shareWhatTitle,Qué puedes incluir,Kasa pükerolüin,PENDIENTE DE REVISIÓN LOCAL,,,
shareWhatText,"Antes de enviar eliges los registros y también si incluyes coordenadas, notas, mediciones, fotografías, vídeos o audios.","Palajana ajütaa, pünee anaajünaka otta coordenada, ashajaa, ayaawataa, ayaakua, video je audio.",PENDIENTE DE REVISIÓN LOCAL,,,
sharingHelpText,"Puedes compartir con tu comunidad, otra comunidad, un investigador, una institución u otra persona. Antes de enviar, eliges los registros y también si incluyes coordenadas, notas, mediciones, fotografías, vídeos o audios.","Püjüta amüin püshii je wane wayuu. Palajana ajütaa, pünee anaajünaka otta kasa sümaa.",PENDIENTE DE REVISIÓN LOCAL,,,
shareNotAllTitle,Compartir no significa entregar todo,Ajütaa nnojotsü ayalajaa apüshua'a,PENDIENTE DE REVISIÓN LOCAL,,,
shareNotAllText,"El paquete se prepara en el celular. Después Android, iOS o el navegador muestran las aplicaciones disponibles para enviarlo. COSTA VIVA no decide el destinatario ni recibe una copia.","Paquete aainjünü sulu'u celular. Android, iOS je navegador ee'iyatüsü aplicación süpüla ajütaa. COSTA VIVA nnojotsü aneeküin kachon otta nnojotsü anaajüin copia.",PENDIENTE DE REVISIÓN LOCAL,,,
mediaMetadataTitle,"Atención sobre fotos, vídeos y metadatos","Jalia sümaa ayaakua, video otta metadata",PENDIENTE DE REVISIÓN LOCAL,,,
mediaMetadataCaution,"Atención. Algunos archivos originales de cámara o vídeo pueden contener metadatos creados por el propio dispositivo. Si una localización es sensible, revisa también los archivos multimedia antes de compartirlos.","Jalia. Wane archivo cámara je video eesü metadata aainjünaka süka celular. Müleka apülee kapülain, pü'raaja multimedia palajana ajütaa.",PENDIENTE DE REVISIÓN LOCAL,,,
help,Ayuda,Akaalijia,PENDIENTE DE REVISIÓN LOCAL,,,
helpIntro,Guía breve para usar COSTA VIVA en campo.,Akuaippa jo'uuchon süpüla COSTA VIVA sulu'u mma.,PENDIENTE DE REVISIÓN LOCAL,,,
helpActivateTitle,Activa el modo de observación,Paainja e'rajawaa,PENDIENTE DE REVISIÓN LOCAL,,,
helpActivateText,"Permite que el teléfono compruebe ubicación, orientación, cámara y micrófono. Puedes continuar aunque alguna función no esté disponible.","Celularka e'rajüshi apülee, dirección, cámara otta micrófono. Anaasü ayataa müleka wane nnojotsü eewain.",PENDIENTE DE REVISIÓN LOCAL,,,
helpObserveTitle,Registra lo que observas,Pünaaja tü pi'rakat,PENDIENTE DE REVISIÓN LOCAL,,,
helpObserveText,Describe lo que está ocurriendo sin necesidad de explicar la causa.,Püshaja kasa e'iyalajaka nnojotsü süpüla pümaa süchiki asala.,PENDIENTE DE REVISIÓN LOCAL,,,
helpPhotoTitle,Toma evidencias,Pünaaja ayaawaseirua,PENDIENTE DE REVISIÓN LOCAL,,,
helpPhotoText,"Añade fotografías, vídeo, audio o una medición sencilla. Las fotografías documentadas conservan los datos disponibles del dispositivo.","Pükerola ayaakua, video, audio je ayaawataa jo'uuchon. Ayaakua documentada anaajüsü kasachiki celular.",PENDIENTE DE REVISIÓN LOCAL,,,
helpReturnTitle,Vuelve al mismo punto,Püeitawa wane apülee,PENDIENTE DE REVISIÓN LOCAL,,,
helpReturnText,Los puntos permanentes permiten comparar observaciones realizadas en distintos momentos.,Apülee ichee akaalijüsü asottaa e'rajawaa süchiki akaliairua.,PENDIENTE DE REVISIÓN LOCAL,,,
dataControlHelpTitle,Tus datos y tu decisión,Pünain kasachiki otta püneeküin,PENDIENTE DE REVISIÓN LOCAL,,,
dataControlHelpIntro,"Registrar información no significa entregarla. COSTA VIVA guarda los registros primero en este dispositivo y no los envía automáticamente a investigadores, universidades o instituciones.","Anaajaa kasachiki nnojotsü ajütaa. COSTA VIVA anaajüsü palajana sulu'u celular tüü otta nnojotsü ajütüin amüin atüjülii, koleejia miyo'u je akotchirawaa aluwatawaa.",PENDIENTE DE REVISIÓN LOCAL,,,
whoSeesTitle,¿Quién puede ver mis registros?,¿Kasa wayuu e'rajüin na tanaajünakana?,PENDIENTE DE REVISIÓN LOCAL,,,
whoSeesText,"Mientras no los exportes o compartas, permanecen en el almacenamiento local de este dispositivo. Recuerda que una persona con acceso al teléfono o al perfil del navegador podría acceder a ellos.","Müleka nnojotsü püjütüin je exportar, eejatü sulu'u celular tüü. Wayuu ke'rajüin celular je navegador ainkasü e'rajawaa müsia.",PENDIENTE DE REVISIÓN LOCAL,,,
researcherAccessTitle,¿COSTA VIVA los envía al investigador?,¿COSTA VIVA ajütüsü amüin atüjülii?,PENDIENTE DE REVISIÓN LOCAL,,,
researcherAccessText,"No. El autor de la herramienta, una universidad o cualquier otra organización no recibe automáticamente tus coordenadas, fotografías, vídeos, audios, notas o mediciones.","Nnojotsü. Aainjülii tü herramientakat, koleejia miyo'u je akotchirawaa nnojotsü antirüin coordenada, ayaakua, video, audio, ashajaa je ayaawataa süka ne'e.",PENDIENTE DE REVISIÓN LOCAL,,,
mustShareTitle,¿Tengo que compartirlos?,¿Eesü süpüla tajütaa müsia?,PENDIENTE DE REVISIÓN LOCAL,,,
mustShareText,"No. La comunidad decide si conserva, exporta o comparte los registros. Si alguien solicita utilizarlos, es razonable preguntar para qué se usarán, quién tendrá acceso y qué beneficio o devolución recibirá la comunidad.","Nnojotsü. Akotchirawaa wayuu aneeküsü anaajaa, exportar je ajütaa. Müleka wane achuntüin kasachiki, anaasü asakaa kasa süpüla, kachon e'rajüin otta kasa anaain süpüla wayuukana.",PENDIENTE DE REVISIÓN LOCAL,,,
registerNotCedeTitle,Registrar no significa ceder,Anaajaa nnojotsü ayalajaa,PENDIENTE DE REVISIÓN LOCAL,,,
registerNotCedeText,"COSTA VIVA ayuda a producir y organizar registros. No convierte al desarrollador, al investigador ni a una institución en propietario automático de los datos de la comunidad.","COSTA VIVA akaalijüsü aainjaa otta akumajaa anaajünaka. Nnojotsü aainjüin aainjülii software, atüjülii je akotchirawaa laülaa na kasachiki wayuukana.",PENDIENTE DE REVISIÓN LOCAL,,,
fieldMethodsTitle,Cómo medir con medios sencillos,Ayaawataa süka kasa eejatü,PENDIENTE DE REVISIÓN LOCAL,,,
fieldMethodsIntro,"COSTA VIVA es una herramienta de ciencia popular. Una cinta, dos puntos de referencia y una forma constante de medir pueden producir una serie útil si siempre se repite el mismo procedimiento.","COSTA VIVA wane herramienta atüjalaa wayuu. Wane sinta, piama ayaawase ichee otta wane akuaippa ayaawataa ainkasü aainjaa wane serie anain müleka waneepia ayatünüsü maa aka.",PENDIENTE DE REVISIÓN LOCAL,,,
goldenRuleTitle,Regla principal,Akuaippa miyo'u,PENDIENTE DE REVISIÓN LOCAL,,,
goldenRuleText,"No importa medir muchas cosas. Importa medir siempre la misma cosa, desde la misma referencia, por la misma línea y dejando registrado cómo se hizo.","Nnojotsü kapülain ayaawataa kasa miyo'u. Kapülainsü ayaawataa wane kasa waneepia, süka wane ayaawase, süpüna wane wopu otta ashajaa jamüsü aainjünain.",PENDIENTE DE REVISIÓN LOCAL,,,
stakeMethodTitle,Método 1. Línea fija con cinta,Akuaippa 1. Wopu ichee süka sinta,PENDIENTE DE REVISIÓN LOCAL,,,
stakeStep1,Elige un lugar seguro y estable detrás de la zona que puede erosionarse.,Pünee wane apülee pansawaa otta ichee süchikijee mma e'iratanaka süka palaa.,PENDIENTE DE REVISIÓN LOCAL,,,
stakeStep2,Marca dos referencias A y B alineadas hacia la costa. Pueden ser estacas resistentes o elementos permanentes que no se muevan.,Paainja piama ayaawase A otta B lotaa amüin palaa. Ainkasü estaca ichee je kasa nnojotsü ee'iratawain.,PENDIENTE DE REVISIÓN LOCAL,,,
stakeStep3,Crea ese lugar en COSTA VIVA como punto permanente y fotografía las referencias A y B.,Paainja apülee tüü sulu'u COSTA VIVA müsia apülee ichee otta pünaaja ayaakua A otta B.,PENDIENTE DE REVISIÓN LOCAL,,,
stakeStep4,"Elige una sola línea que vas a seguir en el tiempo, por ejemplo el borde del escarpe de erosión o la línea de vegetación estable.","Pünee wane wopu ne'e süpüla ayataa süchiki akalia, aa'u palaapülee mojusü je wuna'apü ichee.",PENDIENTE DE REVISIÓN LOCAL,,,
stakeStep5,Extiende la cinta desde A siguiendo exactamente la alineación A B hasta la línea elegida. Registra la distancia y el método Cinta métrica.,"Püjütaja sinta sünain A, lotaa sümaa A B, amüin wopu aneekünaka. Pünaaja wattaa otta akuaippa Sinta ayaawataa.",PENDIENTE DE REVISIÓN LOCAL,,,
stakeStep6,"Haz una segunda lectura para comprobar que no hubo un error de lectura. Si no coinciden, repite y explica la diferencia en la nota.","Paainja piantua ayaawataa süpüla e'rajawaa müleka pansawaa. Müleka nnojotsü wane, püchekja otta püshaja ee'irataa sulu'u ashajaa.",PENDIENTE DE REVISIÓN LOCAL,,,
stakeStep7,"Toma una fotografía desde el mismo punto y, cuando sea posible, en la misma dirección.","Pünaaja ayaakua süka wane apülee otta, müleka ainkaa, wane dirección.",PENDIENTE DE REVISIÓN LOCAL,,,
stakeStep8,En la siguiente visita vuelve al mismo punto permanente y repite exactamente la operación.,"Süchiki akalia, püeitawa apülee ichee otta paainja kasa maa aka waneepia.",PENDIENTE DE REVISIÓN LOCAL,,,
stakeWarning,"Nunca coloques una referencia en un borde inestable ni entres en la zona de rompiente para obtener una medida. Si una estaca desaparece o se mueve, regístralo. No la sustituyas como si fuera la misma referencia.","Jalia. Nnojotsü paainjain ayaawase sünain palaapülee mojusü otta nnojotsü pekeraain sulu'u palaa katsüin süpüla ayaawataa. Müleka estaca amüloulüin je ee'iratawain, pünaaja müsü. Nnojotsü pü'wanajain maa müsü wane ayaawase ne'e.",PENDIENTE DE REVISIÓN LOCAL,,,
photoMethodTitle,Método 2. Fotografía desde un punto fijo,Akuaippa 2. Ayaakua süka apülee ichee,PENDIENTE DE REVISIÓN LOCAL,,,
photoStep1,Escoge una referencia estable desde la que puedas volver a fotografiar.,Pünee wane ayaawase ichee jalain pia ainküin eitawaa süpüla ayaakua.,PENDIENTE DE REVISIÓN LOCAL,,,
photoStep2,Guarda el lugar como punto permanente.,Pünaaja apülee müsü apülee ichee.,PENDIENTE DE REVISIÓN LOCAL,,,
photoStep3,Anota la dirección de la fotografía y una referencia visible que ayude a repetir el encuadre.,Püshaja dirección ayaakua otta wane ayaawase ja'yaa süpüla eitawaa wane encuadre.,PENDIENTE DE REVISIÓN LOCAL,,,
photoStep4,"En cada visita intenta usar el mismo lugar, altura aproximada y dirección.","Sulu'u wane'e akalia pünaaja ayaakua süka wane apülee, yaletaa jo'uuchon wane otta wane dirección.",PENDIENTE DE REVISIÓN LOCAL,,,
photoStep5,Haz la fotografía antes de acercarte a la zona erosionada y añade una nota sobre los cambios observados.,Pünaaja ayaakua palajana pejeewain palaapülee mojusü otta püshaja ee'irataa e'rajünaka.,PENDIENTE DE REVISIÓN LOCAL,,,
photoWarning,Las fotografías repetidas permiten documentar cambios. Por sí solas no deben convertirse automáticamente en metros de erosión.,Ayaakua ayatünaka waneepia akaalijüsü e'iyataa ee'irataa. Nnojotsü süka ne'e ayaawatünü metro erosión.,PENDIENTE DE REVISIÓN LOCAL,,,
waterlineMethodTitle,Si mides hasta el borde del agua,Müleka püyaawatüin amüin palaapülee wüin,PENDIENTE DE REVISIÓN LOCAL,,,
waterlineMethodText,El borde del agua se mueve con la marea y el oleaje. Registra siempre la hora y el estado observado del mar. Para comparar dos medidas procura realizar las visitas en condiciones de marea semejantes. Una diferencia medida en horas o estados de marea distintos no debe interpretarse directamente como erosión.,"Palaapülee wüin ee'iratasü süka marea otta palaa. Pünaaja oora otta akuaippa palaa waneepia. Süpüla asottaa piama ayaawataa, anaasü aainjaa sulu'u marea süchiki wane. Ee'irataa sulu'u oora je marea nnojotsü ayaawatünü maa erosión.",PENDIENTE DE REVISIÓN LOCAL,,,
minimumRecordTitle,Qué debe quedar registrado,Kasa kapülain anaajaa,PENDIENTE DE REVISIÓN LOCAL,,,
minimum1,Código del punto permanente,Ayaawase apülee ichee,PENDIENTE DE REVISIÓN LOCAL,,,
minimum2,Fecha y hora,Akalia otta oora,PENDIENTE DE REVISIÓN LOCAL,,,
minimum3,Referencia fija utilizada,Ayaawase ichee atüjünaka,PENDIENTE DE REVISIÓN LOCAL,,,
minimum4,Línea medida,Wopu ayaawatünaka,PENDIENTE DE REVISIÓN LOCAL,,,
minimum5,Distancia y método,Wattaa otta akuaippa,PENDIENTE DE REVISIÓN LOCAL,,,
minimum6,Fotografía y nota cuando sea posible,Ayaakua otta ashajaa müleka ainkaa,PENDIENTE DE REVISIÓN LOCAL,,,
minimum7,Estado observado del mar,Akuaippa palaa e'rajünaka,PENDIENTE DE REVISIÓN LOCAL,,,
minimum8,Posición y precisión del celular cuando estén disponibles,Apülee otta pansawaa GPS müleka eewain,PENDIENTE DE REVISIÓN LOCAL,,,
gpsTitle,Sobre el GPS del celular,Achiki GPS celular,PENDIENTE DE REVISIÓN LOCAL,,,
gpsHelp,El GPS ayuda a localizar la observación. No tiene la precisión de un equipo profesional. COSTA VIVA conserva la precisión informada por el dispositivo para evitar aparentar una exactitud que no existe.,GPS akaalijüsü e'rajawaa apülee. Nnojotsü pansawain maa equipo profesional. COSTA VIVA anaajüsü pansawaa ee'iyatünaka süka celular süpüla nnojotsü e'iyataain pansawaa nnojotsü eewain.,PENDIENTE DE REVISIÓN LOCAL,,,
installTitle,Instalar COSTA VIVA,Aikkale'eraa COSTA VIVA,PENDIENTE DE REVISIÓN LOCAL,,,
installHelp,En un navegador compatible utiliza Instalar o Añadir a pantalla de inicio. Después podrás abrir COSTA VIVA como una aplicación.,"Sulu'u navegador anain, pünee Instalar je Añadir a pantalla. Süchiki tüü ainkasü pükerolaa COSTA VIVA maa aplicación.",PENDIENTE DE REVISIÓN LOCAL,,,
installOnDevice,INSTALAR EN ESTE CELULAR,AIKKALE'ERAA SULU'U CELULAR TÜÜ,PENDIENTE DE REVISIÓN LOCAL,,,
installModalKicker,Instalar en el dispositivo,Aikkale'eraa sulu'u celular,PENDIENTE DE REVISIÓN LOCAL,,,
installModalTitle,Instalar COSTA VIVA,Aikkale'eraa COSTA VIVA,PENDIENTE DE REVISIÓN LOCAL,,,
installModalIntro,La instalación permite abrir COSTA VIVA desde la pantalla principal y facilita el uso en campo.,Aikkale'eraa akaalijüsü ekeraajaa COSTA VIVA süka icono otta ayataa sulu'u mma.,PENDIENTE DE REVISIÓN LOCAL,,,
installNativeReady,Tu navegador permite instalar COSTA VIVA directamente.,Navegador tüü ainkasü aikkale'eraa COSTA VIVA joolu'u.,PENDIENTE DE REVISIÓN LOCAL,,,
installNow,INSTALAR AHORA,AIKKALE'ERAA JOOLU'U,PENDIENTE DE REVISIÓN LOCAL,,,
installManualTitle,Cómo instalar,Jamüsü aikkale'erain,PENDIENTE DE REVISIÓN LOCAL,,,
installWordingNote,El nombre exacto de la opción puede variar según el navegador y el teléfono.,Pütchi süpüla opción ainkasü ee'irataa sünain navegador otta celular.,PENDIENTE DE REVISIÓN LOCAL,,,
installAndroid1,Abre el menú del navegador con los tres puntos.,Püjütaa menu navegador sünain apünuin punto.,PENDIENTE DE REVISIÓN LOCAL,,,
installAndroid2,Busca Instalar aplicación o Añadir a pantalla de inicio.,Püchaja Instalar aplicación je Añadir a pantalla de inicio.,PENDIENTE DE REVISIÓN LOCAL,,,
installAndroid3,Confirma la instalación y abre COSTA VIVA desde su icono.,Pükaa aikkale'eraa otta pükerola COSTA VIVA süka icono.,PENDIENTE DE REVISIÓN LOCAL,,,
installIOS1,Abre COSTA VIVA en Safari.,Püjütaa COSTA VIVA sulu'u Safari.,PENDIENTE DE REVISIÓN LOCAL,,,
installIOS2,Pulsa Compartir.,Püjütaa Compartir.,PENDIENTE DE REVISIÓN LOCAL,,,
installIOS3,Elige Añadir a pantalla de inicio y confirma.,Pünee Añadir a pantalla de inicio otta pükaa.,PENDIENTE DE REVISIÓN LOCAL,,,
installDesktop1,Busca el icono de instalación en la barra de direcciones o abre el menú del navegador.,Püchaja icono aikkale'eraa sulu'u barra navegador je püjütaa menu.,PENDIENTE DE REVISIÓN LOCAL,,,
installDesktop2,Elige Instalar COSTA VIVA o Instalar aplicación.,Pünee Instalar COSTA VIVA je Instalar aplicación.,PENDIENTE DE REVISIÓN LOCAL,,,
installDesktop3,Confirma la instalación.,Pükaa aikkale'eraa.,PENDIENTE DE REVISIÓN LOCAL,,,
installedAlready,COSTA VIVA ya está instalada en este dispositivo.,COSTA VIVA eejatü aikkale'eraka sulu'u dispositivo tüü.,PENDIENTE DE REVISIÓN LOCAL,,,
projectInfoKicker,INFORMACIÓN DEL PROYECTO,KASACHIKI PROYECTOKAT,PENDIENTE DE REVISIÓN LOCAL,,,
projectInfoSubtitle,Herramienta abierta de ciencia popular para observación comunitaria de la costa,Herramienta jutataa süpüla atüjalaa wayuu otta e'rajawaa palaa,PENDIENTE DE REVISIÓN LOCAL,,,
projectInfoAria,Información del proyecto,Kasachiki proyectokat,PENDIENTE DE REVISIÓN LOCAL,,,
projectPurposeTitle,Para qué existe,Kasa süpüla eewain,PENDIENTE DE REVISIÓN LOCAL,,,
projectPurposeText,"COSTA VIVA nace para que comunidades con medios limitados puedan documentar cambios de su costa de forma ordenada, repetible y verificable usando celulares comunes y métodos sencillos de campo. La herramienta ayuda a conservar qué se observó, dónde, cuándo, cómo se midió y qué evidencia quedó registrada.","COSTA VIVA aainjüsü süpüla wayuukana kalu'uin kasa jo'uuchon ainküin anaajaa ee'irataa palaa süka celular otta akuaippa mmaka. Anaajüsü kasa e'rajünaka, jalaa, joolu, jamüsü ayaawatünain otta kasa ayaawase anaajünaka.",PENDIENTE DE REVISIÓN LOCAL,,,
popularScienceTitle,Ciencia popular,Atüjalaa wayuu,PENDIENTE DE REVISIÓN LOCAL,,,
popularScienceText,"La sofisticación está en el método y no en exigir equipos costosos. Un registro comunitario gana valor cuando conserva el procedimiento, la incertidumbre, la fecha, la posición disponible, las fotografías, las notas y las mediciones repetidas. COSTA VIVA busca hacer posible ese trabajo sin convertir un celular en un instrumento profesional que no es.","Katsüinsü akuaippa, nnojotsü equipo kojutüin. Anaajaa wayuu anaasü müleka anaajünü jamüsü aainjünain, nnojotsü pansawaa, akalia, apülee, ayaakua, ashajaa otta ayaawataa ayatünaka. COSTA VIVA nnojotsü e'iyataain celular maa equipo profesional.",PENDIENTE DE REVISIÓN LOCAL,,,
originTitle,Por qué nació COSTA VIVA,Jalajeerü COSTA VIVA,PENDIENTE DE REVISIÓN LOCAL,,,
originText1,"COSTA VIVA surge a partir del trabajo realizado junto a comunidades Wayuu de Arroyo Guerrero, en La Guajira colombiana, donde la erosión costera y otros cambios ambientales hacían necesario documentar de forma continuada lo que estaba ocurriendo en el territorio.","COSTA VIVA antüsü süchiki a'yatawaa sümaa wayuukana Arroyo Guerrero sulu'u La Guajira, jalaa palaa ee'iratasü mma otta kasa mma, otta kapülainsü anaajaa waneepia kasa e'iyalajaka sulu'u woumain.",PENDIENTE DE REVISIÓN LOCAL,,,
originText2,"Con la colaboración de Clarena Fonseca y el trabajo desarrollado con las comunidades se impulsó el uso de fotografías, vídeos, recorridos, localización mediante GPS y observaciones repetidas usando principalmente los teléfonos celulares disponibles.","Sümaa akaalijia Clarena Fonseca otta a'yatawaa sümaa wayuukana, aainjünüsü ayaakua, video, waraittaa, GPS otta e'rajawaa ayatünaka süka celular eejatü.",PENDIENTE DE REVISIÓN LOCAL,,,
originText3,"De esa experiencia nace la idea de una herramienta de ciencia popular capaz de ayudar a crear puntos de observación, repetir mediciones, conservar evidencias y construir una memoria territorial verificable sin exigir instrumentación costosa.","Süchiki tüü antüsü aa'in COSTA VIVA, wane herramienta atüjalaa wayuu süpüla aainjaa apülee e'rajawaa, ayaawataa waneepia, anaajaa ayaawase otta sotoo aa'in woumain nnojotsü equipo kojutüin.",PENDIENTE DE REVISIÓN LOCAL,,,
originPrincipleTitle,Una idea sencilla,Wane aa'in anaasü,PENDIENTE DE REVISIÓN LOCAL,,,
originPrincipleText,"La falta de equipos profesionales no debe impedir que una comunidad pueda observar, medir, documentar y conservar de forma ordenada los cambios de su propio territorio.","Nnojotsü equipo profesional nnojotsü süpüla atüjain wayuukana e'rajawaa, ayaawataa, anaajaa otta sotoo aa'in ee'irataa sünain woumain.",PENDIENTE DE REVISIÓN LOCAL,,,
displacementTitle,Cambio climático y desplazamiento,Ee'irataa juya otta ouyantaa wayuu,PENDIENTE DE REVISIÓN LOCAL,,,
displacementText1,"La erosión costera, las inundaciones y la pérdida progresiva de terreno pueden afectar viviendas, caminos, espacios culturales, actividades económicas y otras condiciones necesarias para permanecer en un territorio.","Palaa mojusü mma, wüin ekerolüsü otta mma amüloulüsü ainkasü uwomuyawaa miichi, wopu, apülee akuaippa wayuu otta a'yatawaa süpüla kepiaa sünain woumain.",PENDIENTE DE REVISIÓN LOCAL,,,
displacementText2,Cuando estos procesos contribuyen a que las personas tengan que abandonar temporal o permanentemente un lugar pueden formar parte de dinámicas de desplazamiento asociadas a factores climáticos y ambientales.,"Müleka kasa tüü aainjüin wayuu ouyantaa süka wane apülee o'utpünaa je waneepia, ainkasü anain ee'irataa sümaa juya otta mma.",PENDIENTE DE REVISIÓN LOCAL,,,
displacementCaution,"COSTA VIVA no determina por sí misma que exista desplazamiento climático ni asigna una condición jurídica a las personas. Su función es documentar cambios, impactos y series temporales que puedan ayudar a comprender lo ocurrido.","COSTA VIVA nnojotsü maa süka ne'e eewain ouyantaa süka juya, otta nnojotsü e'itain condición jurídica. Akaalijüsü anaajaa ee'irataa, uwomuyawaa otta akaliairua süpüla atüjaa kasa e'iyalajaka.",PENDIENTE DE REVISIÓN LOCAL,,,
odsTitle,COSTA VIVA y los Objetivos de Desarrollo Sostenible,COSTA VIVA otta ODS,PENDIENTE DE REVISIÓN LOCAL,,,
odsIntro,La iniciativa se alinea principalmente con los siguientes ODS sin implicar reconocimiento o certificación oficial por parte de Naciones Unidas.,Proyectokat eejatü pejeein sümaa ODS tüü. Nnojotsü maa certificación je reconocimiento süka Naciones Unidas.,PENDIENTE DE REVISIÓN LOCAL,,,
ods13Title,Acción por el clima,Aainjaa süchiki juya,PENDIENTE DE REVISIÓN LOCAL,,,
ods13Text,Apoya la observación local de impactos ambientales y la construcción de memoria útil para procesos de adaptación.,Akaalijüsü e'rajawaa uwomuyawaa mma otta anaajaa sotoo aa'in süpüla ee'irataa otta anaajawaa.,PENDIENTE DE REVISIÓN LOCAL,,,
ods11Title,Ciudades y comunidades sostenibles,Pueulo otta akotchirawaa anaasü,PENDIENTE DE REVISIÓN LOCAL,,,
ods11Text,"Ayuda a documentar amenazas sobre viviendas, caminos, espacios comunitarios y patrimonio territorial.","Akaalijüsü anaajaa uwomuyawaa sünain miichi, wopu, apülee wayuu otta kasa woumain.",PENDIENTE DE REVISIÓN LOCAL,,,
ods10Title,Reducción de las desigualdades,Motsottaa ee'irataa sümaa katsüin,PENDIENTE DE REVISIÓN LOCAL,,,
ods10Text,Busca reducir la brecha entre quienes disponen de instrumentación especializada y comunidades que necesitan registrar su territorio con medios limitados.,Achajaajüsü motsottaa wattaa akuaippa sümaa na keejatüin equipo profesional otta wayuukana ayaawatüin woumain süka kasa eejatü.,PENDIENTE DE REVISIÓN LOCAL,,,
ods14Title,Vida submarina,Kataa o'u sulu'u palaa,PENDIENTE DE REVISIÓN LOCAL,,,
ods14Text,Favorece la observación de transformaciones en la franja costera y en los espacios de interacción entre el mar y las comunidades.,Akaalijüsü e'rajawaa ee'irataa sünain palaapülee otta jalain palaa otta wayuukana akotchajaain.,PENDIENTE DE REVISIÓN LOCAL,,,
ods16Title,"Paz, justicia e instituciones sólidas","Anaa aa'in, pansawaa otta aluwatawaa",PENDIENTE DE REVISIÓN LOCAL,,,
ods16Text,Facilita conservar evidencias comunitarias ordenadas que pueden apoyar una participación informada ante instituciones.,Akaalijüsü anaajaa ayaawase wayuu akumajünaka süpüla ashajawaa sümaa akotchirawaa aluwatawaa süka kasachiki.,PENDIENTE DE REVISIÓN LOCAL,,,
ods17Title,Alianzas para lograr los objetivos,Akotchajirawaa süpüla kasa anain,PENDIENTE DE REVISIÓN LOCAL,,,
ods17Text,"Puede facilitar colaboración entre comunidades, universidades, organizaciones sociales, investigadores y administraciones públicas.","Ainkasü akaalijaa akotchajirawaa wayuukana, koleejia miyo'u, akotchirawaa, atüjülii otta aluwatawaa.",PENDIENTE DE REVISIÓN LOCAL,,,
governanceTitle,Gobernanza comunitaria de los datos,Aluwatawaa wayuu sünain kasachiki,PENDIENTE DE REVISIÓN LOCAL,,,
governanceIntro,COSTA VIVA está diseñada para reducir la extracción automática de información producida por las comunidades. No existe un repositorio central de registros comunitarios ni una cuenta obligatoria que envíe los datos de campo a los responsables del proyecto.,COSTA VIVA aainjüsü süpüla nnojotsü oitain automatique kasachiki aainjünaka süka wayuukana. Nnojotsü repositorio palajatü je cuenta kapülain ajütüin kasachiki mmaka amüin na aainjüliikana proyectokat.,PENDIENTE DE REVISIÓN LOCAL,,,
governancePrincipleText,"Los registros no pertenecen a COSTA VIVA por haber sido creados con la aplicación. La comunidad y las personas que generan la información deciden si la conservan, exportan o comparten.","Anaajünaka nnojotsü nain COSTA VIVA süka aainjünain sümaa aplicación. Wayuukana otta na aainjüliikana kasachiki aneeküin anaajaa, exportar je ajütaa.",PENDIENTE DE REVISIÓN LOCAL,,,
governanceControlTitle,Control comunitario.,Aluwatawaa wayuu.,PENDIENTE DE REVISIÓN LOCAL,,,
governanceControlText,Los datos no salen automáticamente del dispositivo.,Kasachiki nnojotsü ojuittüin automatique süka celular.,PENDIENTE DE REVISIÓN LOCAL,,,
governanceDecisionTitle,Decisión informada.,Aneekaa süka atüjaa.,PENDIENTE DE REVISIÓN LOCAL,,,
governanceDecisionText,Compartir requiere una acción consciente de la persona o comunidad.,Ajütaa kapülainsü wane aainjaa atüjünaka süka wayuu je akotchirawaa.,PENDIENTE DE REVISIÓN LOCAL,,,
governancePurposeTitle,Finalidad conocida.,Kasa süpüla atüjünaka.,PENDIENTE DE REVISIÓN LOCAL,,,
governancePurposeText,Quien solicite los datos debería explicar para qué quiere utilizarlos y quién tendrá acceso.,Wayuu achuntaka kasachiki anaasü maa kasa süpüla atüjain otta kachon e'rajüin.,PENDIENTE DE REVISIÓN LOCAL,,,
governanceBenefitTitle,Beneficio colectivo.,Anaa süpüla apüshua'a.,PENDIENTE DE REVISIÓN LOCAL,,,
governanceBenefitText,El uso posterior debería procurar una utilidad reconocible para quienes produjeron la información.,Atüjaa süchiki kasachiki anaasü aainjaa kasa anaain süpüla na aainjüliikana.,PENDIENTE DE REVISIÓN LOCAL,,,
governanceRecognitionTitle,Reconocimiento.,Ayaawataa na aainjüliikana.,PENDIENTE DE REVISIÓN LOCAL,,,
governanceRecognitionText,"La contribución comunitaria no debería desaparecer cuando los registros se convierten en informes, investigaciones o publicaciones.","A'yatawaa wayuu nnojotsü amülouliin müleka anaajünaka ee'iratawain informe, atüjalaa je publicación.",PENDIENTE DE REVISIÓN LOCAL,,,
governanceSensitiveTitle,Protección territorial.,Aa'inmajaa woumain.,PENDIENTE DE REVISIÓN LOCAL,,,
governanceSensitiveText,Una localización o evidencia sensible no debe compartirse solamente porque técnicamente sea posible hacerlo.,Apülee je ayaawase kapülain nnojotsü ajütünü süka ainkain teknicamente ne'e.,PENDIENTE DE REVISIÓN LOCAL,,,
governanceNoShareTitle,Derecho a no compartir.,Ainkaa nnojotsü ajütaa.,PENDIENTE DE REVISIÓN LOCAL,,,
governanceNoShareText,Crear un registro no obliga a entregarlo posteriormente a investigadores o instituciones.,Aainjaa wane anaajünaka nnojotsü aainjain wayuu ajütaa müsü süchiki amüin atüjülii je akotchirawaa aluwatawaa.,PENDIENTE DE REVISIÓN LOCAL,,,
frameworksTitle,Marcos de referencia,Akuaippairua süpüla ayaawataa,PENDIENTE DE REVISIÓN LOCAL,,,
careText,"El diseño toma como referencia la orientación de los principios CARE para la gobernanza de datos indígenas, centrados en beneficio colectivo, autoridad para controlar, responsabilidad y ética.","Aainjünaka tüü e'rajüsü CARE süpüla kasachiki wayuu, sümaa anaa süpüla apüshua'a, aluwatawaa, responsabilidad otta ética.",PENDIENTE DE REVISIÓN LOCAL,,,
ocapText,"OCAP es un marco específico de las First Nations de Canadá sobre propiedad, control, acceso y posesión. COSTA VIVA lo reconoce como referencia relacionada, pero no afirma certificación, adopción formal ni cumplimiento OCAP.","OCAP wane akuaippa First Nations Canadá süpüla propiedad, control, acceso otta posesión. COSTA VIVA e'rajüsü maa referencia, nnojotsü maa certificación je cumplimiento OCAP.",PENDIENTE DE REVISIÓN LOCAL,,,
careLink,Principios CARE · Global Indigenous Data Alliance,CARE · Global Indigenous Data Alliance,PENDIENTE DE REVISIÓN LOCAL,,,
ocapLink,Principios OCAP® · First Nations Information Governance Centre,OCAP® · First Nations Information Governance Centre,PENDIENTE DE REVISIÓN LOCAL,,,
frameworkCaution,Estos marcos pertenecen a contextos y pueblos concretos. Su mención sirve para transparentar referencias éticas y no sustituye los acuerdos propios que cada comunidad establezca sobre sus datos.,Akuaippairua tüü eejatü sünain waneirua wayuu otta mma. Ashajünü yaa süpüla e'iyataa referencia ética. Nnojotsü a'wanajüin akuaippa aneekünaka süka wane'e akotchirawaa sünain kasachiki.,PENDIENTE DE REVISIÓN LOCAL,,,
authorTitle,Autor y desarrollo,Aainjülii otta aainjaa,PENDIENTE DE REVISIÓN LOCAL,,,
authorRole,"Concepción del proyecto, arquitectura científica y digital, diseño metodológico y desarrollo de la herramienta.","Aa'in proyectokat, arquitectura atüjalaa otta digital, akuaippa ayaawataa otta aainjaa herramientakat.",PENDIENTE DE REVISIÓN LOCAL,,,
academicLinkLabel,Vínculo académico del autor,Akotchajirawaa akademikaka aainjülii,PENDIENTE DE REVISIÓN LOCAL,,,
academicLinkValue,Investigador de posdoctorado voluntario en la Universidade Federal de Mato Grosso do Sul,Atüjülii posdoctorado voluntario sulu'u Universidade Federal de Mato Grosso do Sul,PENDIENTE DE REVISIÓN LOCAL,,,
programLabel,Programa,Programa,PENDIENTE DE REVISIÓN LOCAL,,,
contactLabel,Contacto académico,Akotchajawaa akademikaka,PENDIENTE DE REVISIÓN LOCAL,,,
institutionNote,"La afiliación identifica el marco académico de trabajo del autor. No implica por sí sola certificación institucional, financiación, aval oficial ni sustitución de los protocolos técnicos de las autoridades competentes.","Afiliación e'iyatüsü jalain a'yataain aainjülii. Nnojotsü maa certificación, financiación, aval oficial je a'wanajaa protocolo técnico sünain autoridad.",PENDIENTE DE REVISIÓN LOCAL,,,
methodCommitmentTitle,Compromiso metodológico,Pütchi süpüla akuaippa,PENDIENTE DE REVISIÓN LOCAL,,,
methodCommitment1,No inventar valores que el teléfono o la persona no hayan registrado.,Nnojotsü aainjain valor nnojotsü anaajünaka süka celular je wayuu.,PENDIENTE DE REVISIÓN LOCAL,,,
methodCommitment2,"Conservar la precisión informada por el dispositivo y distinguir medición, estimación y observación.","Anaajaa pansawaa ee'iyatünaka süka celular otta ayaawataa ee'irataa sünain medición, estimación otta e'rajawaa.",PENDIENTE DE REVISIÓN LOCAL,,,
methodCommitment3,Favorecer puntos de control y procedimientos que puedan repetirse de la misma forma.,Akaalijaa apülee control otta akuaippa ainküin aainjünü waneepia maa aka.,PENDIENTE DE REVISIÓN LOCAL,,,
methodCommitment4,Mantener los registros bajo control de la comunidad hasta que decida exportarlos o compartirlos.,Anaajaa kasachiki nain wayuukana joolu'u süpüla aneekaa exportar je ajütaa.,PENDIENTE DE REVISIÓN LOCAL,,,
methodCommitment5,"No incluir publicidad, rastreadores ni transmisión automática de los datos de campo.","Nnojotsü publicidad, rastreador je ajütaa automatique kasachiki mmaka.",PENDIENTE DE REVISIÓN LOCAL,,,
licenseTitle,Licencias abiertas,Licencia jutataa,PENDIENTE DE REVISIÓN LOCAL,,,
softwareLicenseLabel,Código fuente,Código palajatü,PENDIENTE DE REVISIÓN LOCAL,,,
softwareLicenseText,"El software de COSTA VIVA se publica bajo la licencia MIT, que permite usar, estudiar, modificar y redistribuir el código conservando el aviso de copyright y la licencia.","Software COSTA VIVA jutataa süka licencia MIT. Ainkasü atüjaa, ee'irataa otta ajütaa código, anaajüin copyright otta licencia.",PENDIENTE DE REVISIÓN LOCAL,,,
readMIT,Leer licencia MIT,Aashaje'eraa licencia MIT,PENDIENTE DE REVISIÓN LOCAL,,,
contentLicenseLabel,Documentación y contenidos metodológicos,Karalouta otta akuaippa metodológikaka,PENDIENTE DE REVISIÓN LOCAL,,,
contentLicenseText,"Los textos de ayuda y materiales metodológicos propios se ofrecen bajo CC BY 4.0, una licencia más apropiada para contenidos, siempre que se reconozca la autoría.","Ashajaa akaalijia otta material metodológikaka jutataa süka CC BY 4.0, sümaa ayaawataa aainjülii.",PENDIENTE DE REVISIÓN LOCAL,,,
readContentLicense,Ver condiciones de los contenidos,E'rajawaa akuaippa contenido,PENDIENTE DE REVISIÓN LOCAL,,,
limitsTitle,Alcance y límites,Jalain ainkain otta jalain nnojotsü,PENDIENTE DE REVISIÓN LOCAL,,,
limitsText,"COSTA VIVA ayuda a documentar observaciones y series comunitarias. No sustituye levantamientos topográficos, GNSS profesional, estudios oceanográficos, peritajes, sistemas oficiales de alerta ni decisiones de protección civil. Los registros deben interpretarse teniendo en cuenta el método utilizado y su incertidumbre.","COSTA VIVA akaalijüsü anaajaa e'rajawaa otta serie wayuu. Nnojotsü a'wanajüin levantamiento topográfico, GNSS profesional, atüjalaa palaa, peritaje, alerta oficial je protección civil. Anaajünaka e'rajünü sümaa akuaippa atüjünaka otta nnojotsü pansawaa.",PENDIENTE DE REVISIÓN LOCAL,,,
citationTitle,Cómo citar COSTA VIVA,Jamüsü ashajünain COSTA VIVA,PENDIENTE DE REVISIÓN LOCAL,,,
citationIntro,Referencia recomendada para la primera versión pública archivada del software.,Ashajaa anain süpüla versión palajatü anaajünaka süka software.,PENDIENTE DE REVISIÓN LOCAL,,,
citationVersionNote,Esta referencia identifica la versión v0.5.0 archivada en Zenodo. Las versiones futuras pueden disponer de su propio registro de versión.,Referencia tüü ayaawatüsü versión v0.5.0 anaajünaka sulu'u Zenodo. Versión jeketü ainkasü eejatü sümaa registro jeketü.,PENDIENTE DE REVISIÓN LOCAL,,,
wayuuBetaBanner,Wayuunaiki completo en borrador de trabajo. Puede contener errores y está preparado para revisión con hablantes Wayuu y expertos locales.,WAYUUNAIKI JEKETÜ SÜPÜLA E'RAJAWAA. Pütchi tüü ainkasü mojulaa otta ee'iratawaa. E'rajünü sümaa wayuu ashajülii otta atüjülii anüiki sulu'u mma.,PENDIENTE DE REVISIÓN LOCAL,,,
wayuuLanguageTitle,Wayuunaiki y revisión comunitaria,Wayuunaiki otta aainjaa sümaa wayuukana,PENDIENTE DE REVISIÓN LOCAL,,,
wayuuLanguageText1,"COSTA VIVA incorpora una traducción provisional completa de la interfaz al Wayuunaiki. No se presenta como traducción definitiva y puede contener errores de vocabulario, gramática, ortografía, variantes locales y adecuación cultural.",COSTA VIVA eejatü joolu'u sümaa wane versión Wayuunaiki apüshua'a süpüla a'laajawaa. Nnojotsü maa traducción ekeraaka. Pütchi apüshua'a aainjüsü maa borrador süpüla e'rajawaa otta ee'irataa.,PENDIENTE DE REVISIÓN LOCAL,,,
wayuuLanguageText2,La versión debe revisarse con hablantes Wayuu y expertos locales. Las correcciones comunitarias tienen prioridad sobre este borrador.,"Versión tüü kapülainsü e'rajawaa sümaa wayuu ashajülii otta atüjülii anüiki yaa sulu'u mma. Kasa kapülain nnojotsü traducción pütchi ne'e, aka interfaz anain otta atüjünaka süka wayuukana.",PENDIENTE DE REVISIÓN LOCAL,,,
wayuuLanguagePrincipleTitle,La lengua también pertenece a la comunidad,Anüiki nain wayuukana,PENDIENTE DE REVISIÓN LOCAL,,,
wayuuLanguagePrincipleText,La versión Wayuunaiki es una base de trabajo para revisar y corregir con la comunidad. No debe considerarse validada hasta completar ese proceso.,Wayuunaiki versión tüü wane a'laajawaa. Nnojotsü maa versión shiimüin joolu'u. Ee'iratünü süchiki e'rajawaa sümaa wayuukana otta atüjülii anüiki.,PENDIENTE DE REVISIÓN LOCAL,,,
register,Registrar,Anaajaa,PENDIENTE DE REVISIÓN LOCAL,,,
beforeStart,Antes de comenzar,Palajana aainjaa,PENDIENTE DE REVISIÓN LOCAL,,,
firstRunText,Para documentar una observación necesitamos comprobar algunas funciones del celular. Los registros se guardan primero en este dispositivo.,Süpüla anaajaa e'rajawaa kapülainsü e'rajawaa waneirua akuaippa celular. Anaajünaka eejatü palajana sulu'u dispositivo tüü.,PENDIENTE DE REVISIÓN LOCAL,,,
camera,Cámara,Cámara,PENDIENTE DE REVISIÓN LOCAL,,,
microphone,Micrófono,Micrófono,PENDIENTE DE REVISIÓN LOCAL,,,
localStorage,Almacenamiento local,Anaajawaa sulu'u celular,PENDIENTE DE REVISIÓN LOCAL,,,
activateAndStart,ACTIVAR Y COMENZAR,A'AINJAA OTTA JOO'UYA,PENDIENTE DE REVISIÓN LOCAL,,,
continueWithout,Continuar sin activar ahora,Ayataa nnojotsü aainjaa joolu'u,PENDIENTE DE REVISIÓN LOCAL,,,
gpsReady,Ubicación disponible,Apülee GPS anaasü,PENDIENTE DE REVISIÓN LOCAL,,,
gpsWaiting,Buscando ubicación,Achajünü apülee GPS,PENDIENTE DE REVISIÓN LOCAL,,,
gpsDenied,Permiso rechazado,Permiso nnojotsü akatüin,PENDIENTE DE REVISIÓN LOCAL,,,
gpsUnavailable,Ubicación no disponible,Apülee GPS nnojotsü eewain,PENDIENTE DE REVISIÓN LOCAL,,,
accuracyValue,±{value} m,±{value} m,PENDIENTE DE REVISIÓN LOCAL,,,
altitudeValue,{value} m,{value} m,PENDIENTE DE REVISIÓN LOCAL,,,
headingValue,{value}° {cardinal},{value}° {cardinal},PENDIENTE DE REVISIÓN LOCAL,,,
cameraReady,Cámara disponible,Cámara anaasü,PENDIENTE DE REVISIÓN LOCAL,,,
cameraDenied,Cámara no disponible,Cámara nnojotsü eewain,PENDIENTE DE REVISIÓN LOCAL,,,
microphoneReady,Micrófono disponible,Micrófono anaasü,PENDIENTE DE REVISIÓN LOCAL,,,
microphoneDenied,Micrófono no disponible,Micrófono nnojotsü eewain,PENDIENTE DE REVISIÓN LOCAL,,,
directionReady,Dirección disponible,Dirección anaasü,PENDIENTE DE REVISIÓN LOCAL,,,
directionUnavailable,Dirección no disponible,Dirección nnojotsü eewain,PENDIENTE DE REVISIÓN LOCAL,,,
requiredCategory,Selecciona al menos una opción antes de guardar.,Pünee wane kasa palajana anaajaa.,PENDIENTE DE REVISIÓN LOCAL,,,
saving,Guardando observación,Anaajünü e'rajawaa,PENDIENTE DE REVISIÓN LOCAL,,,
saved,Observación guardada en este dispositivo.,E'rajawaa anaajüsü sulu'u celular tüü.,PENDIENTE DE REVISIÓN LOCAL,,,
saveFailed,No se pudo guardar la observación.,Nnojotsü ainkain anaajaa e'rajawaa.,PENDIENTE DE REVISIÓN LOCAL,,,
noRecords,Todavía no hay registros guardados.,Nnojotsü eewain anaajünaka joolu'u.,PENDIENTE DE REVISIÓN LOCAL,,,
view,Ver,E'raa,PENDIENTE DE REVISIÓN LOCAL,,,
delete,Eliminar,Aakataa,PENDIENTE DE REVISIÓN LOCAL,,,
deleteConfirm,¿Eliminar este registro del dispositivo?,¿Pü'kataa anaajünaka tüü süka celular?,PENDIENTE DE REVISIÓN LOCAL,,,
deleted,Registro eliminado.,Anaajünaka aakatüsü.,PENDIENTE DE REVISIÓN LOCAL,,,
noPosition,Sin posición,Nnojotsü apülee,PENDIENTE DE REVISIÓN LOCAL,,,
permanent,Permanente,Ichee,PENDIENTE DE REVISIÓN LOCAL,,,
mediaCount,{value} evidencias,{value} ayaawase,PENDIENTE DE REVISIÓN LOCAL,,,
noNote,Sin nota,Nnojotsü ashajaa,PENDIENTE DE REVISIÓN LOCAL,,,
precision,Precisión,Pansawaa,PENDIENTE DE REVISIÓN LOCAL,,,
date,Fecha,Akalia,PENDIENTE DE REVISIÓN LOCAL,,,
coordinates,Coordenadas,Coordenadairua,PENDIENTE DE REVISIÓN LOCAL,,,
measurementLabel,Medición,Ayaawataa,PENDIENTE DE REVISIÓN LOCAL,,,
seaLabel,Mar,Palaa,PENDIENTE DE REVISIÓN LOCAL,,,
wavesLabel,Oleaje,A'wanajawaa palaa,PENDIENTE DE REVISIÓN LOCAL,,,
pointLabel,Punto,Apülee,PENDIENTE DE REVISIÓN LOCAL,,,
history,Historial,Achiki anaajünaka,PENDIENTE DE REVISIÓN LOCAL,,,
currentPermanent,Volver a {code},Eitawaa amüin {code},PENDIENTE DE REVISIÓN LOCAL,,,
photoProcessing,Preparando fotografía,Aainjünü ayaakua,PENDIENTE DE REVISIÓN LOCAL,,,
mediaAdded,Evidencia preparada,Ayaawase anaasü,PENDIENTE DE REVISIÓN LOCAL,,,
audioRecording,Grabando audio,Anaajünü audio,PENDIENTE DE REVISIÓN LOCAL,,,
audioStopped,Audio preparado,Audio anaasü,PENDIENTE DE REVISIÓN LOCAL,,,
audioUnsupported,La grabación de audio no está disponible en este navegador.,Navegador tüü nnojotsü ainkain anaajaa audio.,PENDIENTE DE REVISIÓN LOCAL,,,
audioPermission,No se pudo acceder al micrófono.,Nnojotsü ainkain ekerolaa amüin micrófono.,PENDIENTE DE REVISIÓN LOCAL,,,
exportEmpty,No hay registros para exportar.,Nnojotsü anaajünaka süpüla exportar.,PENDIENTE DE REVISIÓN LOCAL,,,
exportReady,Archivo preparado.,Archivo anaasü.,PENDIENTE DE REVISIÓN LOCAL,,,
zipUnavailable,No se pudo crear el paquete ZIP.,Nnojotsü ainkain aainjaa paquete ZIP.,PENDIENTE DE REVISIÓN LOCAL,,,
shareUnavailable,El menú para compartir no admite archivos aquí. Se descargará el paquete.,Menu ajütaa nnojotsü akatüin archivo yaa. Paquete ee'iyalajünü.,PENDIENTE DE REVISIÓN LOCAL,,,
mapUnavailable,El mapa base no está disponible. Se muestra una vista local de los puntos.,Mapa süpüla mma nnojotsü eewain. E'iyatüsü apülee sulu'u vista local.,PENDIENTE DE REVISIÓN LOCAL,,,
installUnavailable,Utiliza el menú del navegador y elige Añadir a pantalla de inicio cuando esté disponible.,Püjütaa menu navegador otta pünee Añadir a pantalla de inicio müleka eewain.,PENDIENTE DE REVISIÓN LOCAL,,,
originalPhoto,Original,Ayaakua palajatü,PENDIENTE DE REVISIÓN LOCAL,,,
documentedPhoto,Documentada,Ayaakua sümaa kasachiki,PENDIENTE DE REVISIÓN LOCAL,,,
video,Vídeo,Video,PENDIENTE DE REVISIÓN LOCAL,,,
audio,Audio,Audio,PENDIENTE DE REVISIÓN LOCAL,,,
close,Cerrar,Asürülaa,PENDIENTE DE REVISIÓN LOCAL,,,
unavailableShort,No disponible,Nnojotsü eewain,PENDIENTE DE REVISIÓN LOCAL,,,
independentLabel,Independiente,Wane'ewaika,PENDIENTE DE REVISIÓN LOCAL,,,
newPermanentLabel,Nuevo punto permanente,Apülee ichee jeketü,PENDIENTE DE REVISIÓN LOCAL,,,
trackingSummaryTitle,Mi seguimiento,Mi seguimiento · WY revisión,PENDIENTE DE REVISIÓN LOCAL,,,Módulo v0.5.21. No se afirma traducción validada.
trackingSummaryIntro,Resumen local del trabajo acumulado en este dispositivo.,Resumen local del trabajo acumulado en este dispositivo. · WY revisión,PENDIENTE DE REVISIÓN LOCAL,,,Módulo v0.5.21. No se afirma traducción validada.
trackingRecords,Registros,Registros · WY revisión,PENDIENTE DE REVISIÓN LOCAL,,,Módulo v0.5.21. No se afirma traducción validada.
trackingPoints,Puntos permanentes,Puntos permanentes · WY revisión,PENDIENTE DE REVISIÓN LOCAL,,,Módulo v0.5.21. No se afirma traducción validada.
trackingRevisited,Puntos revisitados,Puntos revisitados · WY revisión,PENDIENTE DE REVISIÓN LOCAL,,,Módulo v0.5.21. No se afirma traducción validada.
trackingReports,Informes,Informes · WY revisión,PENDIENTE DE REVISIÓN LOCAL,,,Módulo v0.5.21. No se afirma traducción validada.
trackingDays,Días de seguimiento documentado,Días de seguimiento documentado · WY revisión,PENDIENTE DE REVISIÓN LOCAL,,,Módulo v0.5.21. No se afirma traducción validada.
trackingLocalOnly,Estas estadísticas se calculan únicamente en este dispositivo. COSTA VIVA no las envía a ningún servidor.,Estas estadísticas se calculan únicamente en este dispositivo. COSTA VIVA no las envía a ningún servidor. · WY revisión,PENDIENTE DE REVISIÓN LOCAL,,,Módulo v0.5.21. No se afirma traducción validada.
storageTitle,Almacenamiento local,Almacenamiento local · WY revisión,PENDIENTE DE REVISIÓN LOCAL,,,Módulo v0.5.21. No se afirma traducción validada.
storageIntro,Comprueba cuánto trabajo conserva COSTA VIVA en este navegador y cuándo hiciste la última copia completa.,Comprueba cuánto trabajo conserva COSTA VIVA en este navegador y cuándo hiciste la última copia completa. · WY revisión,PENDIENTE DE REVISIÓN LOCAL,,,Módulo v0.5.21. No se afirma traducción validada.
storageUsed,Uso local aproximado,Uso local aproximado · WY revisión,PENDIENTE DE REVISIÓN LOCAL,,,Módulo v0.5.21. No se afirma traducción validada.
storageAvailable,Margen del navegador,Margen del navegador · WY revisión,PENDIENTE DE REVISIÓN LOCAL,,,Módulo v0.5.21. No se afirma traducción validada.
storageMediaPayload,Evidencias multimedia,Evidencias multimedia · WY revisión,PENDIENTE DE REVISIÓN LOCAL,,,Módulo v0.5.21. No se afirma traducción validada.
lastFullBackup,Última copia completa,Última copia completa · WY revisión,PENDIENTE DE REVISIÓN LOCAL,,,Módulo v0.5.21. No se afirma traducción validada.
storageAudios,Audios,Audios · WY revisión,PENDIENTE DE REVISIÓN LOCAL,,,Módulo v0.5.21. No se afirma traducción validada.
storageProtectionTitle,Protección del almacenamiento,Protección del almacenamiento · WY revisión,PENDIENTE DE REVISIÓN LOCAL,,,Módulo v0.5.21. No se afirma traducción validada.
storageProtectionChecking,Comprobando…,Comprobando… · WY revisión,PENDIENTE DE REVISIÓN LOCAL,,,Módulo v0.5.21. No se afirma traducción validada.
storageProtectionPersistent,Persistente solicitado y concedido por el navegador.,Persistente solicitado y concedido por el navegador. · WY revisión,PENDIENTE DE REVISIÓN LOCAL,,,Módulo v0.5.21. No se afirma traducción validada.
storageProtectionStandard,Almacenamiento estándar del navegador. Conviene mantener copias periódicas.,Almacenamiento estándar del navegador. Conviene mantener copias periódicas. · WY revisión,PENDIENTE DE REVISIÓN LOCAL,,,Módulo v0.5.21. No se afirma traducción validada.
storageProtectionUnsupported,Este navegador no informa sobre almacenamiento persistente.,Este navegador no informa sobre almacenamiento persistente. · WY revisión,PENDIENTE DE REVISIÓN LOCAL,,,Módulo v0.5.21. No se afirma traducción validada.
requestStorageProtection,SOLICITAR PROTECCIÓN,SOLICITAR PROTECCIÓN · WY revisión,PENDIENTE DE REVISIÓN LOCAL,,,Módulo v0.5.21. No se afirma traducción validada.
storageProtectionGranted,El navegador concedió almacenamiento persistente.,El navegador concedió almacenamiento persistente. · WY revisión,PENDIENTE DE REVISIÓN LOCAL,,,Módulo v0.5.21. No se afirma traducción validada.
storageProtectionDenied,El navegador no concedió almacenamiento persistente.,El navegador no concedió almacenamiento persistente. · WY revisión,PENDIENTE DE REVISIÓN LOCAL,,,Módulo v0.5.21. No se afirma traducción validada.
backupNow,HACER COPIA ZIP AHORA,HACER COPIA ZIP AHORA · WY revisión,PENDIENTE DE REVISIÓN LOCAL,,,Módulo v0.5.21. No se afirma traducción validada.
refreshStorage,ACTUALIZAR,ACTUALIZAR · WY revisión,PENDIENTE DE REVISIÓN LOCAL,,,Módulo v0.5.21. No se afirma traducción validada.
storageEstimateHelp,La estimación corresponde a la cuota del navegador y no al espacio libre total del teléfono.,La estimación corresponde a la cuota del navegador y no al espacio libre total del teléfono. · WY revisión,PENDIENTE DE REVISIÓN LOCAL,,,Módulo v0.5.21. No se afirma traducción validada.
storageNoRecords,Aún no hay registros guardados.,Aún no hay registros guardados. · WY revisión,PENDIENTE DE REVISIÓN LOCAL,,,Módulo v0.5.21. No se afirma traducción validada.
storageBackupMissing,Todavía no consta una copia completa.,Todavía no consta una copia completa. · WY revisión,PENDIENTE DE REVISIÓN LOCAL,,,Módulo v0.5.21. No se afirma traducción validada.
storageBackupPending,Hay registros posteriores a la última copia.,Hay registros posteriores a la última copia. · WY revisión,PENDIENTE DE REVISIÓN LOCAL,,,Módulo v0.5.21. No se afirma traducción validada.
storageBackupCurrent,La copia completa está al día respecto del último registro guardado.,La copia completa está al día respecto del último registro guardado. · WY revisión,PENDIENTE DE REVISIÓN LOCAL,,,Módulo v0.5.21. No se afirma traducción validada.
storageQuotaHigh,La cuota local del navegador está muy utilizada.,La cuota local del navegador está muy utilizada. · WY revisión,PENDIENTE DE REVISIÓN LOCAL,,,Módulo v0.5.21. No se afirma traducción validada.
storageNotAvailable,No disponible,No disponible · WY revisión,PENDIENTE DE REVISIÓN LOCAL,,,Módulo v0.5.21. No se afirma traducción validada.
storageNever,Nunca,Nunca · WY revisión,PENDIENTE DE REVISIÓN LOCAL,,,Módulo v0.5.21. No se afirma traducción validada.
backupTypeZip,ZIP,ZIP · WY revisión,PENDIENTE DE REVISIÓN LOCAL,,,Módulo v0.5.21. No se afirma traducción validada.
backupTypeFolder,Carpeta,Carpeta · WY revisión,PENDIENTE DE REVISIÓN LOCAL,,,Módulo v0.5.21. No se afirma traducción validada.
storageBackupRecorded,Copia completa registrada.,Copia completa registrada. · WY revisión,PENDIENTE DE REVISIÓN LOCAL,,,Módulo v0.5.21. No se afirma traducción validada.
storageRefreshDone,Estadísticas actualizadas.,Estadísticas actualizadas. · WY revisión,PENDIENTE DE REVISIÓN LOCAL,,,Módulo v0.5.21. No se afirma traducción validada.
